url,label
https://azure.microsoft.com/settings,0
https://www.onlinesbi.sbi/login,0
http://account-secure.instagram-online-secure.org/?ref=mail&verify=required,1
http://account-alert.flipkartverify.com/?secure=1,1
http://login-warning.onlinesbi-secure-alert.xyz/?bank=online&user=12345,1
https://dominos.co.in/account,0
https://airtel.in,0
http://secure-secure.razorpay-online-activation.xyz/?secure=1,1
http://auth-alert.hdfc-bank-auth.org/?verify=required&secure=1,1
https://mercedes-benz.com/login,0
http://verify-alert.flipkart-secure-activation.org/?verify=required&secure=1&bank=online,1
https://wikipedia.org,0
https://www.apple.com/profile,0
http://pay-secure.facebook-online-security.top/,1
https://www.lenovo.com/dashboard,0
https://www.hp.com/orders,0
https://uber.com/auth,0
http://auth-warning.flipkartactivation.top/?verify=required&login=true&user=12345,1
http://pay.hdfc-bank-online-update.top/?session=abcd,1
http://auth-secure.flipkart-user-update.com/?login=true,1
https://www.vtu.ac.in/account,0
http://login.amazonlogin.top/,1
https://tesla.com/auth,0
https://www.zomato.com/account,0
http://auth.github-account-activation.org/?verify=required&session=abcd&ref=mail,1
http://auth-check.bankofamerica-secure-auth.top/?bank=online,1
http://update-check.hdfc-bank-secure-alert.top/,1
http://pay-check.telegram-online-secure.info/,1
http://secure-check.bankofamerica-fast-unlock.info/?authToken=xyz,1
http://verify-check.microsoft-fast-verify.xyz/?session=abcd&bank=online&authToken=xyz,1
http://auth-secure.razorpay-user-reset.info/,1
https://www.onlinesbi.sbi,0
https://mercedes-benz.com/,0
https://www.bigbasket.com/account,0
http://account.sbi-bankcheck.info/?verify=required,1
https://amazon.in/account,0
https://www.vistara.com/dashboard,0
https://www.intel.com/account,0
http://update-check.appleid-online-alert.org/,1
http://pay-warning.paypal-account-auth.top/,1
https://www.developer.apple.com/login,0
http://account-alert.github-account-warning.top/?session=abcd&user=12345&authToken=xyz,1
https://www.indeed.com/orders,0
https://meesho.com/settings,0
https://nvidia.com/settings,0
https://www.amd.com/profile,0
http://update-secure.bankofamericacheck.net/?ref=mail,1
http://pay-secure.telegramlogin.top/?session=abcd,1
https://myntra.com,0
https://airbnb.com/login,0
https://www.udemy.com/account,0
http://auth-warning.icicibank-secure-update.org/?verify=required&secure=1,1
http://verify-secure.google-fast-auth.com/?ref=mail,1
https://www.netflix.com/dashboard,0
https://python.org/login,0
https://www.wikipedia.org/auth,0
http://update-secure.paypalupdate.xyz/?authToken=xyz&user=12345,1
https://udemy.com/account,0
https://www.naukri.com/dashboard,0
https://airbnb.com/,0
https://www.mcdonalds.com/account,0
http://pay-secure.razorpaypayment.net/?bank=online&login=true,1
https://myntra.com/dashboard,0
http://verify-check.instagram-online-account.info/,1
https://www.dell.com/dashboard,0
https://coursera.org/settings,0
http://secure.telegram-online-alert.xyz/,1
https://www.instagram.com/settings,0
https://www.python.org/,0
http://secure-check.netflix-user-secure.com/,1
http://pay-secure.paypal-user-verify.top/?secure=1,1
https://hyundai.com,0
https://www.dropbox.com/auth,0
https://developer.android.com/profile,0
http://secure-warning.hdfc-bank-online-verify.top/?ref=mail&verify=required,1
http://auth-secure.icici-bank-secure-confirm.net/?session=abcd&login=true,1
http://login.onlinesbi-user-unlock.org/?verify=required&user=12345&session=abcd,1
https://developer.android.com/orders,0
https://www.developer.apple.com/dashboard,0
http://account-alert.razorpayauth.net/?secure=1&authToken=xyz&session=abcd,1
http://pay-check.icici-bank-online-verify.top/,1
http://update-check.razorpaywarning.com/?user=12345&bank=online&secure=1,1
https://samsung.com,0
https://www.instagram.com/account,0
https://quora.com/auth,0
http://pay.facebook-activation.com/?ref=mail&bank=online,1
https://www.mercedes-benz.com/orders,0
https://upgrad.com/account,0
https://hyundai.com/auth,0
http://pay-warning.netflix-fast-unlock.org/?login=true&verify=required,1
https://www.razorpay.com/settings,0
https://www.vi.com/auth,0
http://login-check.paypalcheck.org/,1
http://verify-secure.hdfc-bank-secure.com/?verify=required&bank=online,1
http://login-warning.amazon-account-activation.xyz/,1
http://update-warning.paypal-secure-confirm.xyz/,1
https://www.adobe.com/orders,0
https://coursera.org,0
https://jio.com/account,0
https://cloud.google.com/orders,0
http://secure-warning.icici-bank-account-activation.top/,1
http://login-warning.github-user-alert.com/,1
https://toyota.com/,0
https://dominos.co.in/orders,0
https://www.kia.com/account,0
http://login-alert.telegram-security.net/?session=abcd,1
https://www.netflix.com/auth,0
https://www.aws.amazon.com,0
https://jio.com/profile,0
http://verify-check.bankofamerica-user-verify.org/,1
https://dropbox.com/account,0
http://secure-secure.onlinesbi-activation.org/?bank=online&login=true,1
http://login.facebook-user-activation.org/?verify=required&ref=mail,1
https://abhibus.com/settings,0
http://pay-warning.sbi-bank-fast-update.top/?bank=online&session=abcd,1
https://www.bigbasket.com/dashboard,0
https://kia.com/orders,0
http://verify-warning.flipkartwarning.xyz/?user=12345,1
http://secure.onlinesbi-online-confirm.com/?bank=online&ref=mail,1
https://swiggy.com/login,0
http://verify-alert.onlinesbi-fast-check.org/?session=abcd&verify=required,1
http://account-check.flipkart-user-reset.com/,1
https://naukri.com,0
https://nvidia.com/dashboard,0
https://amd.com/account,0
https://www.instagram.com,0
https://www.amd.com/,0
https://www.udemy.com/settings,0
http://login-secure.sbi-bank-fast-security.top/?verify=required&login=true,1
http://secure-check.telegramupdate.org/,1
https://www.samsung.com/orders,0
https://www.mercedes-benz.com/settings,0
http://secure-check.github-security.com/?session=abcd&user=12345&bank=online,1
https://sony.com/,0
https://www.edx.org/account,0
https://www.jio.com,0
http://auth-alert.paypal-fast-reset.org/,1
http://update-alert.onlinesbi-account-warning.xyz/?secure=1&bank=online,1
http://account.onlinesbi-online-payment.top/?ref=mail&login=true&bank=online,1
https://facebook.com/dashboard,0
http://update-check.onlinesbi-activation.top/?verify=required,1
https://www.airasia.co.in/profile,0
https://www.airbnb.com/settings,0
https://bigbasket.com/account,0
http://auth.icici-bank-check.com/?secure=1&authToken=xyz,1
https://www.chase.com/account,0
https://www.swiggy.com/auth,0
https://www.quora.com/login,0
http://login-secure.netflix-fast-reset.info/,1
https://uber.com/dashboard,0
https://lenovo.com/settings,0
https://www.developer.android.com/account,0
https://www.airtel.in/orders,0
http://update-secure.icicibankwarning.xyz/?login=true&session=abcd,1
https://burgerking.com,0
http://login-secure.amazon-confirm.top/?session=abcd&user=12345,1
http://auth-warning.razorpay-online-warning.top/,1
http://account-secure.onlinesbi-online-unlock.xyz/,1
https://www.bmw.com/dashboard,0
http://verify.chase-fast-security.com/,1
http://pay-secure.paypalwarning.top/,1
https://www.youtube.com/account,0
https://www.zomato.com/auth,0
https://youtube.com/auth,0
http://pay-secure.github-account-verify.xyz/,1
https://www.wikipedia.org/orders,0
https://www.wikipedia.org/auth,0
http://update-check.amazon-user-check.xyz/?session=abcd&user=12345,1
http://update-check.icici-bank-account-verify.top/,1
http://update-check.bankofamerica-user-reset.com/?ref=mail,1
https://wikipedia.org/login,0
https://vtu.ac.in/settings,0
https://indeed.com/profile,0
http://verify.telegram-account-auth.info/?login=true,1
http://secure-alert.whatsapp-online-verify.top/,1
https://amd.com/auth,0
http://pay-alert.sbi-bank-secure-auth.info/,1
https://swiggy.com/orders,0
http://account-warning.sbi-bank-user-login.com/?ref=mail&session=abcd&bank=online,1
http://update-secure.bankofamerica-online-confirm.com/?secure=1&login=true&session=abcd,1
https://www.goindigo.in/,0
http://login.hdfc-bank-fast-confirm.com/?secure=1&verify=required,1
https://www.abhibus.com/profile,0
http://pay-alert.paypal-secure-alert.top/?login=true&secure=1&session=abcd,1
http://pay.telegram-fast-alert.info/,1
https://amazon.in/settings,0
http://pay-warning.facebook-secure-confirm.org/,1
https://www.naukri.com/settings,0
http://verify-check.paypal-fast-login.info/?session=abcd&secure=1&verify=required,1
https://www.isro.gov.in/settings,0
http://verify.onlinesbiaccount.top/?login=true&session=abcd&verify=required,1
http://auth-warning.onlinesbi-online-account.top/?bank=online,1
https://www.python.org/,0
https://www.icicibank.com,0
http://login-warning.google-account-security.net/?ref=mail&authToken=xyz&bank=online,1
http://auth.google-account-update.net/?ref=mail,1
https://kaggle.com/login,0
https://www.instagram.com/orders,0
http://update-secure.paypal-user-auth.top/?bank=online,1
https://www.kia.com/account,0
http://update-secure.instagram-account-account.com/,1
http://secure.icicibank-online-payment.com/?verify=required&session=abcd,1
http://pay-check.appleid-account-activation.top/,1
https://pizzahut.co.in/,0
https://azure.microsoft.com/dashboard,0
http://account-check.facebook-user-secure.net/,1
http://login-alert.hdfc-bank-fast-account.org/,1
https://marutisuzuki.com/auth,0
http://update.hdfc-bank-secure-security.net/,1
http://account-alert.instagram-activation.xyz/?user=12345&secure=1,1
https://www.indeed.com/dashboard,0
http://verify-secure.icicibank-fast-auth.com/,1
http://verify-alert.icicibank-user-warning.xyz/?login=true&authToken=xyz&secure=1,1
https://www.stackoverflow.com/settings,0
http://account.telegram-fast-secure.org/?login=true&session=abcd,1
https://shoppersstop.com,0
https://www.lenovo.com/auth,0
http://auth-secure.bankofamerica-fast-reset.net/?secure=1&authToken=xyz&verify=required,1
http://secure-check.chase-fast-update.top/?user=12345&login=true&verify=required,1
https://youtube.com,0
http://account-alert.chase-secure-warning.net/?bank=online,1
http://update.paypalreset.org/?user=12345&verify=required,1
https://myntra.com/auth,0
http://auth-warning.telegram-secure-warning.com/?ref=mail&verify=required&user=12345,1
https://www.marutisuzuki.com/login,0
https://uber.com/auth,0
https://wikipedia.org/dashboard,0
http://login-alert.facebook-secure-activation.info/?user=12345,1
http://account-check.microsoft-check.top/?bank=online&user=12345,1
http://secure.sbi-bank-fast-secure.com/?bank=online,1
http://pay-warning.github-online-reset.org/,1
http://auth-secure.icicibank-online-alert.info/?authToken=xyz&verify=required&session=abcd,1
https://www.nasa.gov/dashboard,0
https://www.icicibank.com/account,0
http://secure.github-account-confirm.top/,1
http://account-secure.telegram-user-confirm.com/,1
https://www.developer.apple.com/dashboard,0
http://pay-alert.onlinesbi-fast-reset.net/?authToken=xyz&ref=mail,1
https://www.reddit.com/profile,0
http://update-warning.hdfc-bank-update.com/,1
http://pay.hdfc-bank-secure.com/?secure=1&bank=online&verify=required,1
http://auth-alert.flipkart-secure-secure.org/?login=true&verify=required&secure=1,1
https://www.kaggle.com,0
http://pay-warning.bankofamerica-account-login.top/?ref=mail&user=12345&verify=required,1
http://pay-warning.flipkart-secure-account.com/?bank=online&session=abcd,1
http://verify.icicibank-user-activation.top/,1
https://www.netflix.com/account,0
https://www.adobe.com/account,0
http://login-check.microsoft-secure-unlock.com/?verify=required&secure=1,1
http://account-warning.facebook-account-alert.net/,1
https://www.olacabs.com/dashboard,0
https://www.hp.com/login,0
https://www.zomato.com/settings,0
https://www.dell.com,0
http://auth-check.telegram-online-update.net/?authToken=xyz,1
http://auth-secure.microsoft-user-verify.top/,1
https://tesla.com/,0
https://google.com/settings,0
https://olacabs.com/,0
http://verify-check.bankofamerica-online-confirm.top/,1
https://www.python.org,0
https://vi.com/orders,0
http://update-check.microsoft-fast-activation.xyz/?bank=online&user=12345,1
http://secure-warning.amazon-account-security.com/?verify=required&authToken=xyz,1
http://account-warning.microsoft-fast-security.org/?user=12345,1
http://secure-secure.google-online-auth.xyz/,1
http://update-alert.facebook-user-login.info/,1
http://verify-warning.whatsapp-account-unlock.xyz/,1
http://pay-secure.google-online-confirm.xyz/,1
http://auth-warning.icici-bank-user-reset.info/?secure=1&user=12345&login=true,1
https://instagram.com/profile,0
http://account-alert.facebook-user-warning.info/,1
https://tesla.com/profile,0
http://auth-warning.appleid-login.info/,1
https://amd.com/,0
https://upgrad.com/profile,0
https://azure.microsoft.com/auth,0
http://verify-warning.amazon-check.top/,1
https://www.marutisuzuki.com/dashboard,0
http://verify-check.facebook-fast-unlock.top/?bank=online&login=true&authToken=xyz,1
https://www.olacabs.com/dashboard,0
http://auth-warning.flipkart-fast-confirm.top/?verify=required,1
http://pay-alert.hdfc-bank-secure-unlock.com/?secure=1&bank=online,1
https://hyundai.com/profile,0
https://www.marutisuzuki.com/auth,0
https://tatamotors.com/,0
http://account.netflix-account.top/,1
http://verify-warning.sbi-bank-online-unlock.org/,1
http://verify-secure.whatsapp-account-warning.xyz/?login=true,1
http://account-warning.hdfc-bankverify.net/?secure=1&authToken=xyz&login=true,1
https://www.amd.com/login,0
http://update-check.facebook-fast-security.org/?session=abcd,1
https://snapdeal.com/profile,0
https://www.airtel.in/account,0
http://auth-check.bankofamerica-online-alert.org/,1
http://verify.chase-online-unlock.org/?ref=mail,1
http://account-check.netflix-online-login.org/?verify=required,1
http://secure-secure.github-reset.xyz/?secure=1&ref=mail,1
https://www.goindigo.in/,0
https://bmw.com/,0
http://account-secure.whatsapp-unlock.net/,1
http://account-warning.github-check.net/?user=12345&secure=1,1
http://update-check.bankofamerica-user-secure.info/,1
http://account-secure.facebook-account-verify.org/?session=abcd&authToken=xyz,1
https://www.google.com/account,0
http://login-warning.microsoft-account-check.org/,1
http://verify-alert.flipkartactivation.top/?session=abcd&user=12345&bank=online,1
https://paytm.com/login,0
http://login-secure.amazonupdate.top/,1
https://medium.com/settings,0
https://vistara.com/login,0
https://instagram.com/login,0
http://verify-secure.bankofamerica-fast-activation.net/?ref=mail,1
http://update-check.appleid-confirm.com/?session=abcd,1
https://www.samsung.com/account,0
https://bankofamerica.com/settings,0
http://auth-secure.appleid-user-login.net/,1
https://kia.com/settings,0
http://login-secure.bankofamerica-confirm.xyz/?user=12345&secure=1,1
http://secure-secure.instagramconfirm.xyz/,1
https://www.blinkit.com/account,0
https://zomato.com/orders,0
http://update-secure.telegram-user-update.net/,1
http://auth.github-account-confirm.org/?verify=required&session=abcd&user=12345,1
http://login.netflix-secure-verify.xyz/?ref=mail&secure=1,1
http://login-check.whatsapp-secure-verify.org/,1
http://account-secure.whatsapp-user-auth.net/?bank=online&authToken=xyz&session=abcd,1
https://www.youtube.com/login,0
https://bookmyshow.com/account,0
http://pay-alert.flipkart-account-account.info/,1
https://dominos.co.in/settings,0
https://lenovo.com/orders,0
https://icicibank.com/,0
http://verify-warning.google-fast-check.net/?bank=online&login=true,1
http://secure-secure.appleidactivation.com/?secure=1&ref=mail,1
https://www.bigbasket.com/,0
http://auth-warning.microsoft-account-account.com/?login=true&session=abcd,1
http://account.bankofamericasecure.info/?secure=1&verify=required&user=12345,1
http://login-secure.icici-bank-user-login.net/?login=true,1
http://secure-alert.microsoft-security.org/?login=true&user=12345&authToken=xyz,1
http://update-check.hdfc-bank-secure.com/?verify=required,1
https://meesho.com/settings,0
http://update-secure.flipkart-confirm.org/?secure=1,1
https://www.goindigo.in/settings,0
http://auth.microsoft-user-reset.com/?session=abcd&login=true&ref=mail,1
https://dropbox.com/account,0
http://auth-warning.telegram-user-login.top/?session=abcd&login=true&verify=required,1
http://verify.instagram-payment.com/?user=12345,1
http://account.netflix-secure-update.xyz/?login=true&ref=mail,1
http://account.onlinesbialert.top/?authToken=xyz&verify=required&session=abcd,1
https://www.bankofamerica.com/account,0
https://lenovo.com/account,0
http://update-warning.whatsapp-online-payment.com/?secure=1,1
http://account.razorpay-fast-unlock.top/?session=abcd&user=12345&bank=online,1
http://verify.razorpay-account-warning.top/?authToken=xyz,1
http://secure-check.hdfc-bank-secure-activation.com/?user=12345&verify=required&authToken=xyz,1
http://verify-alert.chaseactivation.net/,1
https://www.developer.apple.com/dashboard,0
http://login-secure.icici-bank-online-check.com/?bank=online&login=true,1
https://stackoverflow.com/auth,0
https://www.airasia.co.in/orders,0
https://www.nvidia.com/profile,0
https://www.nasa.gov/dashboard,0
http://secure.bankofamerica-activation.com/,1
https://netflix.com/orders,0
http://secure-warning.netflix-account-confirm.net/?verify=required&secure=1,1
https://aws.amazon.com/orders,0
http://auth-check.flipkart-account-warning.org/?session=abcd,1
https://www.reddit.com,0
https://www.isro.gov.in/account,0
http://update-check.hdfc-bank-security.info/,1
http://pay-alert.netflix-user-security.info/,1
https://developer.apple.com/dashboard,0
https://www.marutisuzuki.com/profile,0
https://indianrail.gov.in/auth,0
https://www.toyota.com,0
https://www.abhibus.com/dashboard,0
http://pay-alert.appleidsecure.org/?session=abcd&user=12345&login=true,1
http://account-secure.telegram-fast-check.com/?session=abcd&authToken=xyz&bank=online,1
http://account-warning.onlinesbi-reset.xyz/?verify=required,1
http://login-check.telegram-account-reset.org/?user=12345&bank=online,1
http://login-secure.paypal-user-confirm.com/?session=abcd,1
https://coursera.org/dashboard,0
https://www.bmw.com/profile,0
https://www.asus.com/orders,0
http://login-check.razorpay-fast-warning.xyz/?user=12345&ref=mail&verify=required,1
http://auth-secure.amazon-online-security.net/?bank=online&user=12345,1
http://update.netflix-update.org/?session=abcd&secure=1,1
http://login-check.amazon-user-secure.org/?session=abcd&ref=mail&secure=1,1
https://www.edx.org/dashboard,0
https://www.naukri.com/profile,0
https://www.upgrad.com/account,0
http://auth.onlinesbi-user-account.net/?authToken=xyz,1
http://account-alert.chase-secure-alert.top/,1
http://secure-warning.instagram-user-auth.xyz/?authToken=xyz,1
https://mcdonalds.com/orders,0
https://www.pvrcinemas.com/profile,0
http://pay-warning.razorpay-secure-unlock.org/,1
https://www.goindigo.in/login,0
http://secure-check.chase-account-update.xyz/,1
https://www.snapdeal.com/login,0
http://pay-alert.microsoft-verify.info/?ref=mail&login=true,1
http://verify-alert.icici-bank-fast-confirm.net/,1
https://www.instagram.com/profile,0
https://www.adobe.com/,0
http://login-warning.icici-bank-user-reset.net/,1
https://naukri.com/dashboard,0
https://amd.com,0
http://login-check.icicibankunlock.net/?login=true,1
https://www.goindigo.in/profile,0
http://pay-alert.onlinesbi-fast-update.org/?user=12345,1
http://login-check.onlinesbi-fast-login.com/?bank=online,1
http://verify-warning.razorpay-user-reset.org/?session=abcd&user=12345&ref=mail,1
https://linkedin.com,0
http://login-secure.microsoft-user-secure.net/?secure=1,1
https://kia.com/profile,0
http://secure.sbi-bank-user-unlock.xyz/?secure=1&user=12345&authToken=xyz,1
http://auth-check.microsoft-confirm.com/,1
https://www.isro.gov.in/profile,0
http://verify-secure.flipkart-user-update.info/?user=12345&bank=online&authToken=xyz,1
http://update-check.sbi-bank-online-activation.org/?login=true&user=12345,1
https://www.apple.com/dashboard,0
http://auth-secure.instagramaccount.org/?session=abcd&authToken=xyz&ref=mail,1
http://secure.hdfc-bank-secure-alert.net/?bank=online&verify=required&session=abcd,1
https://www.openai.com/orders,0
https://irctc.co.in/dashboard,0
https://nvidia.com,0
http://verify-secure.github-account-payment.info/?authToken=xyz,1
http://secure-warning.bankofamerica-secure-security.top/?verify=required,1
http://account.icici-bank-account-auth.info/?user=12345,1
http://account.razorpay-account-confirm.net/?secure=1&authToken=xyz&verify=required,1
http://pay-alert.microsoftwarning.xyz/?verify=required&secure=1,1
https://www.microsoft.com/orders,0
https://www.oracle.com/profile,0
http://auth-check.googleactivation.com/?authToken=xyz&user=12345,1
https://www.licindia.in/account,0
http://secure-alert.icicibank-user-alert.com/?bank=online&secure=1,1
http://update-secure.instagram-online-warning.top/?session=abcd&verify=required,1
https://www.samsung.com/profile,0
http://login-check.google-online-activation.xyz/,1
http://pay-warning.github-fast-activation.top/?bank=online,1
http://update-secure.hdfc-bank-fast-account.top/?authToken=xyz,1
http://pay-check.microsoft-online-unlock.top/?session=abcd,1
http://secure-check.paypal-user-update.top/?bank=online&verify=required,1
http://verify-check.icici-bank-user-activation.info/,1
https://www.swiggy.com/account,0
https://www.uber.com/settings,0
https://www.chase.com/login,0
https://irctc.co.in/orders,0
https://wikipedia.org/login,0
http://verify-warning.netflix-fast-account.top/?bank=online&authToken=xyz&secure=1,1
http://account.telegram-account-auth.xyz/?secure=1&ref=mail,1
https://kaggle.com/settings,0
http://verify-warning.microsoft-account-activation.org/?session=abcd&secure=1&bank=online,1
http://verify-secure.razorpay-fast-secure.info/?verify=required,1
https://honda.com/login,0
http://secure-secure.appleid-online-account.top/?secure=1&authToken=xyz&login=true,1
https://www.uber.com/settings,0
http://pay-check.paypal-account-login.top/?authToken=xyz&verify=required,1
https://shoppersstop.com/login,0
http://secure-warning.onlinesbi-user-unlock.xyz/,1
http://verify-alert.flipkart-fast-reset.info/,1
http://login-secure.telegram-account-login.net/,1
https://developer.android.com/login,0
http://account-warning.amazon-secure.org/?authToken=xyz&secure=1&user=12345,1
https://www.coursera.org/account,0
https://www.linkedin.com/auth,0
http://auth-check.bankofamerica-account-update.xyz/?authToken=xyz&verify=required,1
http://pay-alert.instagramconfirm.xyz/,1
https://abhibus.com/settings,0
http://login-alert.hdfc-bank-secure-check.info/?secure=1,1
https://tatamotors.com/auth,0
https://www.amd.com/login,0
https://vtu.ac.in/settings,0
https://sony.com/settings,0
https://amazon.in/profile,0
http://auth-secure.netflix-secure-login.com/,1
https://www.microsoft.com/account,0
http://update.onlinesbilogin.top/?verify=required&session=abcd&ref=mail,1
https://airbnb.com/auth,0
https://www.dropbox.com/orders,0
http://update.paypal-online-verify.com/?verify=required&secure=1&session=abcd,1
http://account-alert.google-secure-reset.com/,1
http://secure.facebook-fast-login.org/?secure=1,1
http://login-alert.appleidcheck.org/,1
http://login-secure.paypal-account-security.org/,1
http://pay-secure.instagram-fast-update.top/?user=12345&bank=online,1
http://login.razorpay-user-payment.top/?bank=online&login=true,1
http://update-secure.onlinesbi-secure-security.info/,1
https://amd.com/profile,0
https://instagram.com/profile,0
http://verify-warning.hdfc-banksecurity.com/?session=abcd&login=true,1
https://www.paytm.com/orders,0
https://www.developer.apple.com/,0
https://www.github.com/profile,0
http://secure-alert.instagram-online-secure.net/?login=true&authToken=xyz&ref=mail,1
http://auth-secure.icicibank-fast-activation.info/?user=12345,1
https://www.chase.com/login,0
https://www.paytm.com/dashboard,0
http://verify-alert.hdfc-bank-online-login.net/?session=abcd&bank=online,1
https://razorpay.com,0
https://icicibank.com/profile,0
https://naukri.com/profile,0
https://bmw.com/,0
http://account-secure.chase-online-check.net/?secure=1,1
https://www.hp.com/dashboard,0
http://login-alert.microsoft-account-confirm.top/?login=true,1
https://www.glassdoor.com/profile,0
http://auth-warning.icicibank-secure-check.info/?login=true,1
http://login-secure.hdfc-bank-fast-secure.org/?secure=1,1
https://developer.apple.com/account,0
https://razorpay.com/settings,0
http://pay-check.bankofamerica-online-login.com/,1
http://pay-alert.telegram-fast-verify.info/?user=12345&ref=mail,1
http://verify-check.netflix-account-verify.net/?authToken=xyz&session=abcd&ref=mail,1
https://vtu.ac.in/orders,0
https://www.dropbox.com/profile,0
http://account-alert.onlinesbi-online-activation.top/,1
http://verify.instagram-fast-warning.xyz/?verify=required&ref=mail,1
http://verify.sbi-bank-secure-payment.info/?user=12345,1
https://www.airbnb.com/profile,0
http://login-alert.facebook-online-login.top/?user=12345&secure=1,1
http://secure-alert.hdfc-bank-secure.com/,1
http://account-secure.onlinesbi-fast-check.top/,1
https://www.upgrad.com/login,0
http://update-secure.chase-online-activation.net/?secure=1&verify=required,1
http://verify-warning.bankofamerica-online-account.info/?login=true,1
https://naukri.com/,0
https://zomato.com/settings,0
https://www.bankofamerica.com/settings,0
https://isro.gov.in/dashboard,0
http://verify-check.amazon-account-secure.info/,1
http://auth-alert.icici-bank-online-update.info/?session=abcd&verify=required&login=true,1
http://update-alert.netflix-unlock.info/?session=abcd&authToken=xyz&user=12345,1
https://bookmyshow.com/,0
https://toyota.com/settings,0
http://auth-alert.whatsapp-account-secure.org/,1
http://auth.icici-bankreset.org/,1
https://www.amd.com/login,0
http://update-warning.icici-bankalert.org/?session=abcd&ref=mail,1
http://auth-alert.googleconfirm.com/,1
http://account-warning.paypal-online-auth.net/?bank=online,1
http://secure-alert.paypal-secure-update.info/?session=abcd,1
http://pay-check.amazon-user-warning.top/?verify=required&ref=mail&bank=online,1
https://www.abhibus.com,0
https://www.zomato.com/dashboard,0
http://account-alert.onlinesbi-secure-security.net/?session=abcd&ref=mail,1
https://www.dropbox.com,0
https://www.vtu.ac.in/profile,0
https://www.hyundai.com/settings,0
http://account-check.sbi-bankpayment.org/?user=12345&session=abcd&verify=required,1
https://kaggle.com/,0
https://isro.gov.in,0
http://account.instagram-fast-security.net/?session=abcd&login=true,1
http://login-secure.netflixupdate.com/?ref=mail&authToken=xyz&user=12345,1
https://www.python.org,0
https://www.razorpay.com/login,0
https://www.indeed.com,0
https://www.dropbox.com/dashboard,0
http://login-warning.google-secure-reset.top/?user=12345&authToken=xyz,1
https://olacabs.com/orders,0
http://pay-alert.sbi-bank-account-account.com/?secure=1&ref=mail,1
https://irctc.co.in/dashboard,0
http://login-alert.onlinesbi-online-alert.xyz/?verify=required&bank=online&ref=mail,1
https://snapdeal.com/login,0
https://www.chase.com/,0
http://auth-warning.chase-user-check.com/?bank=online&secure=1,1
http://login.google-secure-unlock.top/?authToken=xyz,1
https://asus.com/dashboard,0
https://www.airasia.co.in,0
http://login-alert.facebook-fast-verify.info/?verify=required&user=12345,1
http://auth.facebook-alert.top/,1
http://pay-check.hdfc-bank-online-login.xyz/?user=12345&bank=online&secure=1,1
http://auth-alert.onlinesbi-fast-account.top/?user=12345,1
http://account-alert.appleid-secure-alert.xyz/?ref=mail&session=abcd,1
https://www.ajio.com/settings,0
https://vtu.ac.in/auth,0
http://auth-alert.facebook-user-confirm.com/?bank=online&secure=1&session=abcd,1
https://edx.org/dashboard,0
https://blinkit.com/account,0
http://secure-secure.hdfc-bank-user-secure.info/?user=12345,1
http://auth-warning.appleid-fast-secure.info/?login=true&authToken=xyz&bank=online,1
http://login-secure.github-fast-verify.info/?user=12345,1
https://www.dell.com/,0
http://verify.github-account-activation.xyz/?verify=required,1
http://auth-check.flipkart-login.top/?bank=online&login=true,1
http://update-check.icici-bankpayment.org/?session=abcd,1
http://login-secure.amazon-account-payment.net/,1
http://pay.google-update.info/?secure=1&authToken=xyz,1
https://www.paytm.com/login,0
http://verify-check.microsoft-secure-auth.org/,1
http://verify-check.appleid-online-account.net/?user=12345&bank=online,1
https://www.mcdonalds.com/dashboard,0
http://auth-warning.facebook-secure-verify.net/,1
https://cloud.google.com/profile,0
http://pay-check.onlinesbi-account-auth.xyz/?authToken=xyz,1
https://www.snapdeal.com/orders,0
https://www.sony.com/auth,0
http://secure-check.sbi-bank-secure-check.info/?ref=mail,1
http://account-secure.microsoft-online-account.top/?login=true&ref=mail&verify=required,1
https://www.medium.com,0
https://www.python.org/login,0
https://tatamotors.com/dashboard,0
https://www.mcdonalds.com/login,0
http://secure-alert.flipkart-fast-payment.org/,1
https://www.azure.microsoft.com/login,0
https://bigbasket.com/auth,0
https://www.onlinesbi.sbi/dashboard,0
http://secure-alert.razorpay-online-verify.net/?login=true&verify=required&authToken=xyz,1
https://www.blinkit.com/,0
http://auth-alert.instagram-online-confirm.info/,1
https://www.reddit.com/dashboard,0
https://netflix.com/settings,0
http://login-check.hdfc-bank-user-login.org/,1
https://www.lenovo.com/dashboard,0
https://redbus.in/account,0
http://update-warning.whatsapp-fast-verify.com/?bank=online,1
https://www.razorpay.com/,0
https://linkedin.com/dashboard,0
http://login-alert.appleid-account-security.xyz/?verify=required&ref=mail&session=abcd,1
http://pay-secure.hdfc-bank-online-alert.xyz/?user=12345&session=abcd&bank=online,1
http://pay-secure.bankofamerica-confirm.top/?bank=online&user=12345,1
https://dropbox.com/,0
https://stackoverflow.com/login,0
http://login-secure.microsoft-fast-check.xyz/?user=12345,1
https://www.naukri.com/auth,0
https://bookmyshow.com/,0
https://www.honda.com/account,0
http://update-alert.bankofamerica-secure-confirm.com/?verify=required&login=true,1
http://update-secure.netflix-user-update.net/,1
http://account-alert.whatsapp-unlock.com/?bank=online&login=true,1
https://developer.apple.com/,0
https://indeed.com,0
http://auth-warning.chase-secure-warning.info/?bank=online&login=true,1
https://bmw.com/profile,0
https://www.shoppersstop.com/login,0
https://www.coursera.org/settings,0
http://verify-warning.netflix-account.top/?session=abcd&secure=1&authToken=xyz,1
http://auth-warning.telegram-fast-warning.org/?authToken=xyz,1
https://reddit.com/profile,0
http://verify-check.appleid-security.net/?login=true,1
https://ajio.com,0
https://google.com/orders,0
http://account.razorpay-auth.top/,1
http://verify-alert.githublogin.net/?authToken=xyz&verify=required,1
http://account.sbi-bank-fast-security.info/?ref=mail&login=true,1
https://marutisuzuki.com/settings,0
https://tatamotors.com/orders,0
https://licindia.in/dashboard,0
http://secure-alert.icici-bank-account-alert.xyz/?secure=1&authToken=xyz&verify=required,1
http://login-alert.sbi-bank-secure-secure.top/?bank=online&session=abcd&ref=mail,1
https://github.com/settings,0
http://update-secure.facebook-user-check.xyz/,1
https://indeed.com/auth,0
https://www.hdfcbank.com/login,0
https://www.dropbox.com/dashboard,0
http://pay.netflix-update.org/,1
https://snapdeal.com/account,0
http://auth-alert.chaseauth.net/?authToken=xyz&ref=mail,1
http://auth-alert.icicibankaccount.org/?user=12345&session=abcd,1
https://shoppersstop.com,0
http://account-secure.amazonunlock.info/,1
http://verify-alert.icicibank-fast-payment.com/,1
http://verify-alert.facebook-secure-verify.com/?ref=mail&verify=required&session=abcd,1
http://update-secure.flipkart-user-security.info/?verify=required,1
https://www.bankofamerica.com/login,0
https://www.redbus.in/auth,0
https://netflix.com/profile,0
https://bankofamerica.com/login,0
https://burgerking.com/profile,0
http://update-check.onlinesbi-check.info/,1
http://account-warning.hdfc-bank-online-login.net/?ref=mail&bank=online,1
https://www.oracle.com/settings,0
http://auth-check.facebook-account-update.xyz/,1
http://verify-alert.razorpayconfirm.xyz/?session=abcd,1
https://www.quora.com/auth,0
http://update-alert.facebookverify.xyz/?session=abcd,1
http://account-secure.bankofamerica-account-payment.info/?user=12345&login=true&ref=mail,1
http://pay-alert.paypal-fast-secure.com/,1
https://mercedes-benz.com,0
http://pay-secure.onlinesbi-user-secure.top/,1
https://www.amazon.in/settings,0
http://secure-secure.whatsapp-secure-secure.com/?verify=required,1
http://pay.instagram-auth.com/?verify=required&session=abcd&bank=online,1
http://pay-warning.sbi-bankalert.org/,1
https://www.oracle.com/account,0
http://login-warning.whatsapp-fast-unlock.net/?verify=required&secure=1,1
https://glassdoor.com,0
http://pay-secure.onlinesbipayment.net/,1
http://secure-alert.icicibank-warning.com/,1
https://www.kia.com/login,0
https://www.developer.android.com/login,0
https://www.kaggle.com/,0
https://adobe.com/profile,0
https://www.linkedin.com/settings,0
https://reddit.com/,0
https://www.tesla.com/account,0
https://onlinesbi.sbi,0
http://secure-alert.facebook-account-account.com/?ref=mail&verify=required,1
https://burgerking.com/auth,0
https://facebook.com,0
https://linkedin.com/,0
http://auth.netflix-account-payment.xyz/,1
https://www.intel.com,0
http://verify-check.paypal-secure-warning.info/?login=true&ref=mail&secure=1,1
https://burgerking.com,0
https://www.abhibus.com/auth,0
http://verify.amazon-secure-confirm.net/,1
https://azure.microsoft.com/auth,0
http://verify-check.icicibanklogin.info/,1
http://pay.google-account-alert.xyz/?verify=required&ref=mail,1
http://update-alert.github-secure-warning.com/?secure=1&login=true,1
http://secure-check.netflix-secure-verify.top/?login=true&ref=mail,1
http://verify-alert.sbi-bank-online-auth.com/?verify=required&secure=1&session=abcd,1
https://www.lenovo.com/,0
https://sony.com/profile,0
https://www.glassdoor.com/auth,0
http://auth-warning.chaselogin.info/?authToken=xyz&user=12345&session=abcd,1
https://www.linkedin.com/orders,0
https://www.marutisuzuki.com/auth,0
https://www.mercedes-benz.com/settings,0
https://www.kfc.co.in/settings,0
http://verify.flipkart-user-auth.org/?session=abcd&secure=1&bank=online,1
http://login.whatsappalert.info/?verify=required&login=true&user=12345,1
http://auth.netflix-user-secure.net/?user=12345&secure=1&bank=online,1
https://www.wikipedia.org/orders,0
https://www.myntra.com/,0
http://pay-alert.instagram-fast-login.org/,1
http://pay-secure.facebook-secure-security.info/,1
http://secure-check.sbi-bank-account-secure.top/,1
http://update-warning.icici-bank-account-alert.com/?bank=online&authToken=xyz,1
https://google.com/auth,0
https://airbnb.com/account,0
https://abhibus.com/account,0
http://secure-warning.github-account-alert.net/?bank=online&user=12345,1
https://www.swiggy.com/,0
http://verify.chase-account-unlock.info/?secure=1&bank=online,1
https://www.licindia.in/dashboard,0
https://www.kfc.co.in/,0
http://update-warning.microsoft-secure-payment.top/?user=12345&ref=mail,1
http://login-alert.flipkart-security.top/?secure=1,1
http://verify-check.sbi-bank-unlock.com/?secure=1,1
http://pay-check.onlinesbi-account-confirm.org/?ref=mail&secure=1&verify=required,1
http://secure-secure.icicibank-secure-alert.xyz/?authToken=xyz,1
http://auth-secure.google-account-verify.xyz/?session=abcd&verify=required,1
http://secure-warning.amazon-account-unlock.xyz/?user=12345,1
https://developer.apple.com/settings,0
https://mercedes-benz.com/account,0
https://olacabs.com/account,0
http://verify-alert.netflix-user-warning.top/,1
https://www.isro.gov.in/dashboard,0
http://verify.instagram-secure.net/?authToken=xyz&secure=1&session=abcd,1
https://vistara.com/,0
https://www.amd.com/orders,0
http://verify-check.google-secure-warning.org/,1
https://mercedes-benz.com/account,0
http://account-alert.netflix-account-alert.xyz/,1
http://account.instagram-secure-account.top/,1
http://login-secure.sbi-bank-user-account.com/?secure=1&login=true,1
https://marutisuzuki.com/orders,0
http://verify-warning.hdfc-bank-account-update.com/?ref=mail&secure=1,1
http://account-warning.sbi-bank-user-confirm.info/?login=true,1
https://www.uber.com/,0
https://www.honda.com/,0
https://zomato.com/orders,0
https://www.uber.com/dashboard,0
https://linkedin.com/dashboard,0
https://abhibus.com/account,0
http://pay.google-user-alert.org/?login=true,1
http://account-warning.flipkart-online-update.xyz/?ref=mail&session=abcd,1
http://pay-alert.amazon-secure-login.top/,1
https://www.developer.apple.com/profile,0
https://swiggy.com/settings,0
http://secure-alert.telegram-fast-account.net/,1
http://verify-alert.icicibank-fast-warning.top/,1
https://www.udemy.com/profile,0
https://paytm.com/orders,0
http://auth-check.paypal-secure-login.com/?secure=1&user=12345,1
https://www.instagram.com/auth,0
https://blinkit.com,0
http://update.paypal-online-auth.net/?ref=mail&login=true&secure=1,1
https://www.paytm.com/orders,0
https://udemy.com,0
https://razorpay.com/,0
https://google.com/settings,0
http://auth-alert.chase-online-update.info/?verify=required,1
https://airtel.in/orders,0
https://www.licindia.in/,0
http://verify.sbi-bankwarning.info/?session=abcd&verify=required,1
http://pay-warning.icici-bank-user-update.net/,1
http://account-check.sbi-bank-account-reset.info/,1
https://zomato.com/settings,0
https://myntra.com/settings,0
http://auth-secure.paypal-activation.com/?secure=1&verify=required,1
http://verify-warning.microsoft-login.org/?authToken=xyz&ref=mail,1
https://www.isro.gov.in/orders,0
https://onlinesbi.sbi/account,0
http://pay-warning.flipkart-online-auth.info/?secure=1,1
https://ajio.com/settings,0
https://lenovo.com/auth,0
https://www.licindia.in/auth,0
https://lenovo.com,0
http://login-secure.onlinesbi-account-alert.top/?bank=online&verify=required&secure=1,1
http://update-alert.whatsapp-account-unlock.net/,1
http://pay-warning.netflix-fast-update.com/?authToken=xyz&ref=mail&login=true,1
https://glassdoor.com/account,0
http://update-warning.instagram-secure-alert.top/?bank=online,1
http://secure.icicibank-confirm.info/,1
https://www.tesla.com/,0
https://swiggy.com/settings,0
http://verify-warning.instagram-alert.com/,1
https://pvrcinemas.com/orders,0
http://secure-warning.github-fast-unlock.xyz/?login=true&secure=1&bank=online,1
https://www.vistara.com/orders,0
http://secure-warning.hdfc-bank-login.info/?login=true&user=12345&session=abcd,1
http://login-check.onlinesbi-secure-security.info/?ref=mail&authToken=xyz,1
http://update-alert.appleid-fast-payment.top/,1
http://update-warning.chase-update.top/,1
https://www.hdfcbank.com/auth,0
https://www.indianrail.gov.in/,0
https://paytm.com/settings,0
https://www.facebook.com/,0
http://auth-check.appleid-security.org/,1
http://update-secure.icici-bank-reset.xyz/?authToken=xyz&bank=online,1
https://ajio.com/profile,0
https://azure.microsoft.com/profile,0
https://ajio.com/,0
https://isro.gov.in/account,0
https://vistara.com/settings,0
http://account.appleidsecurity.net/,1
http://auth-alert.googleconfirm.net/,1
https://www.adobe.com/dashboard,0
https://bookmyshow.com/,0
https://www.samsung.com/,0
https://hp.com/dashboard,0
http://auth-warning.amazonactivation.net/?login=true&session=abcd&user=12345,1
https://www.burgerking.com/login,0
http://secure-secure.icicibank-user-secure.top/,1
http://login.microsoft-fast-update.com/?authToken=xyz&bank=online&user=12345,1
https://naukri.com/,0
http://account-alert.hdfc-bank-secure-verify.net/?ref=mail,1
https://www.paytm.com/profile,0
http://auth-secure.icicibank-secure-alert.com/?login=true&verify=required,1
http://secure-secure.whatsapp-user-verify.top/?bank=online&secure=1,1
https://www.vtu.ac.in/login,0
http://account-warning.telegram-user-unlock.info/?ref=mail&authToken=xyz&bank=online,1
http://account-alert.bankofamerica-account-update.xyz/,1
http://update-alert.amazon-user-activation.org/,1
http://auth.paypal-online-activation.top/?login=true,1
http://login-check.github-online-reset.xyz/?verify=required&bank=online&ref=mail,1
https://zomato.com/dashboard,0
https://kfc.co.in/settings,0
https://www.dominos.co.in/dashboard,0
http://verify-secure.razorpay-online-auth.net/?ref=mail&user=12345&session=abcd,1
https://www.python.org/account,0
http://login.icici-bankverify.org/,1
https://www.kia.com/profile,0
http://auth-warning.flipkartwarning.xyz/?session=abcd&login=true,1
http://pay-check.onlinesbi-fast-unlock.info/,1
http://auth-check.flipkart-user-security.xyz/,1
https://redbus.in/,0
https://apple.com/,0
https://shoppersstop.com/account,0
http://update-secure.flipkart-reset.net/?user=12345&session=abcd,1
https://airbnb.com/dashboard,0
https://www.kfc.co.in,0
http://secure-warning.icicibank-update.xyz/,1
https://dropbox.com,0
http://secure-alert.telegramverify.com/,1
https://netflix.com/login,0
https://www.netflix.com/settings,0
https://www.upgrad.com/,0
https://naukri.com/login,0
http://login-warning.telegram-online-warning.com/,1
http://auth.flipkart-secure-auth.top/?bank=online&ref=mail,1
http://update-check.onlinesbi-account-confirm.net/,1
http://account-warning.paypal-user-confirm.top/,1
https://facebook.com/profile,0
https://paytm.com,0
http://account-alert.flipkart-fast-security.xyz/?user=12345&secure=1,1
https://www.olacabs.com/,0
http://login.paypal-user-secure.net/,1
http://verify-alert.bankofamerica-account-secure.org/?ref=mail&session=abcd&login=true,1
http://secure-secure.onlinesbi-secure.com/?secure=1,1
https://developer.apple.com/settings,0
https://www.wikipedia.org/account,0
https://instagram.com/login,0
https://honda.com/login,0
http://login-secure.bankofamerica-unlock.com/,1
http://update-secure.facebook-auth.com/?user=12345,1
http://verify-warning.chase-check.org/?verify=required&login=true,1
http://login-warning.bankofamerica-account-payment.xyz/?verify=required,1
http://verify-check.flipkart-secure-account.xyz/?bank=online&authToken=xyz,1
https://bookmyshow.com/profile,0
https://www.nvidia.com/,0
https://edx.org/auth,0
http://secure-alert.icici-bank-user-update.top/,1
http://login-check.amazon-secure-alert.xyz/?bank=online&user=12345&ref=mail,1
http://secure.hdfc-bank-fast-secure.net/?bank=online,1
http://secure-warning.telegram-confirm.net/?user=12345,1
https://jio.com/dashboard,0
https://oracle.com/auth,0
https://linkedin.com/dashboard,0
http://update-warning.icicibank-account-auth.net/,1
http://auth.icicibank-account-secure.info/?authToken=xyz,1
https://shoppersstop.com/account,0
https://www.hp.com/login,0
https://www.wikipedia.org/dashboard,0
https://wikipedia.org/login,0
http://auth.google-online-secure.net/?ref=mail,1
https://irctc.co.in/orders,0
https://developer.android.com/,0
http://verify-check.icici-bank-fast-secure.top/?verify=required&login=true&user=12345,1
https://www.medium.com/orders,0
http://login-check.flipkartverify.info/?session=abcd&authToken=xyz&user=12345,1
https://www.honda.com/orders,0
http://account-secure.sbi-bank-secure-secure.info/,1
https://phonepe.com/orders,0
https://www.dropbox.com/settings,0
http://secure.chase-online-account.org/,1
https://amd.com,0
https://www.redbus.in/profile,0
https://pizzahut.co.in/settings,0
https://intel.com/login,0
https://www.burgerking.com/profile,0
https://pvrcinemas.com/dashboard,0
https://developer.apple.com/account,0
http://secure-check.instagramverify.org/?secure=1&session=abcd&login=true,1
http://update-check.sbi-banksecure.org/?authToken=xyz,1
http://auth.bankofamerica-activation.org/?login=true,1
http://login-warning.google-online-verify.info/?authToken=xyz,1
https://www.reddit.com/login,0
https://www.razorpay.com/account,0
http://update-alert.appleid-secure-account.info/,1
http://verify-alert.instagram-account-account.info/,1
https://goindigo.in/profile,0
https://www.cloud.google.com/orders,0
https://www.intel.com/,0
http://update-check.icicibank-online-secure.info/?ref=mail&verify=required,1
http://auth-check.onlinesbicheck.info/?ref=mail&bank=online,1
https://www.kaggle.com/dashboard,0
http://update-check.microsoft-secure-alert.xyz/?login=true,1
http://secure.hdfc-bank-warning.com/?bank=online&session=abcd&login=true,1
https://www.airtel.in/account,0
http://account-check.icicibankverify.org/,1
http://pay-check.sbi-bank-fast-login.info/,1
http://login-alert.bankofamerica-online-auth.xyz/?bank=online,1
http://login-check.flipkartaccount.org/,1
http://secure-warning.amazon-account-secure.info/,1
https://stackoverflow.com/account,0
https://oracle.com/auth,0
https://licindia.in/dashboard,0
http://pay-alert.flipkart-account-login.org/?session=abcd&user=12345,1
https://flipkart.com/,0
https://www.bookmyshow.com/,0
http://verify.telegram-fast-payment.org/?ref=mail&secure=1,1
http://auth-warning.appleid-fast-check.top/?verify=required&user=12345,1
http://auth-secure.icici-bank-account-update.info/?secure=1,1
http://verify-secure.bankofamerica-security.info/,1
http://update-check.amazon-fast-account.xyz/?session=abcd&bank=online&login=true,1
https://www.icicibank.com/orders,0
https://www.upgrad.com/auth,0
https://irctc.co.in/profile,0
https://mcdonalds.com/profile,0
https://ajio.com/settings,0
http://pay-check.hdfc-bankwarning.top/,1
http://secure-check.instagram-fast-account.com/?login=true,1
http://login-secure.flipkart-account-check.top/?verify=required&secure=1&session=abcd,1
https://www.swiggy.com/login,0
http://verify.github-fast-check.info/,1
https://www.medium.com/orders,0
http://update-alert.github-account-auth.org/?secure=1&verify=required,1
https://www.meesho.com/account,0
https://www.bmw.com/,0
http://verify-check.github-payment.top/?session=abcd&login=true,1
https://www.lenovo.com/login,0
https://kfc.co.in/dashboard,0
http://login-warning.appleid-secure-secure.xyz/?secure=1&bank=online,1
http://pay-warning.chase-fast-secure.net/?ref=mail&login=true,1
https://linkedin.com/account,0
http://pay-warning.bankofamerica-secure-account.xyz/?session=abcd&bank=online&authToken=xyz,1
http://auth-alert.razorpay-fast-update.xyz/?secure=1&ref=mail&authToken=xyz,1
https://www.python.org/account,0
http://verify-warning.instagram-security.xyz/,1
https://netflix.com/orders,0
https://www.olacabs.com/account,0
http://pay-alert.whatsapp-user-secure.xyz/?authToken=xyz&bank=online,1
http://login-alert.google-confirm.top/,1
https://instagram.com/auth,0
http://login.flipkart-fast-security.xyz/?user=12345,1
https://www.honda.com/profile,0
https://www.linkedin.com/auth,0
https://amazon.in,0
http://auth-alert.amazon-user-account.top/?authToken=xyz&bank=online,1
http://auth-warning.chase-account-activation.net/?secure=1&verify=required,1
http://update-check.whatsapp-activation.info/?bank=online&verify=required&user=12345,1
http://pay-check.bankofamericaaccount.info/,1
https://www.facebook.com/auth,0
http://pay-check.amazon-fast-check.top/?user=12345&login=true&authToken=xyz,1
https://www.mit.edu,0
